<?xml version="1.0" encoding="utf-8"?>
<element type="inner-row">
   <title>Inner Row</title>
   <icon>media/jdbuilder/images/icons/elements/innerrow.svg</icon>
   <creationDate>March 2019</creationDate>
   <author>JoomDev</author>
   <authorEmail>info@joomdev.com</authorEmail>
   <authorUrl>https://www.joomdev.com</authorUrl>
   <copyright>Copyright (C) 2019 Joomdev, Inc. All rights reserved.</copyright>
   <license>GNU General Public License version 2 or later; see LICENSE.txt</license>
   <version>1.0</version>
   <description>Element Description Here</description>
   <form>
      <fields>
         <!-- General Options -->
         <fieldset name="general" label="JDBUILDER_LAYOUT_TITLE">
            <!--  Layout Options -->
            <field
               type="list"
               name="guttersType"
               label="JDBUILDER_FIELD_COLUMN_GAP_LABEL"
               description="JDBUILDER_FIELD_COLUMN_GAP_DESC"
               default=""
               group="basic"
            >
               <option value="">JDBUILDER_FIELD_INHERIT</option>
               <option value="none">JDBUILDER_FIELD_COLUMN_NOGAP_LABEL</option>
               <option value="custom">JDBUILDER_FIELD_CUSTOM_LABEL</option>
            </field>
            <field
               type="slider"
               name="guttersSize"
               label="JDBUILDER_FIELD_COLUMN_GAP_SIZE_LABEL"
               description="JDBUILDER_FIELD_COLUMN_GAP_SIZE_DESC"
               showon="params.guttersType=='custom'"
               default="15"
               min="5"
               max="100"
               unit="px"
               group="basic"
               responsive="true"
            >
            </field>
            <field
               type="spacer"
               label="JDBUILDER_FIELD_COLUMN_DIRECTION_LABEL"
               description="JDBUILDER_FIELD_COLUMN_DIRECTION_DESC"
               group="basic"
            >
            </field>
            <field
               type="switch"
               name="columnReverseMedium"
               label="JDBUILDER_FIELD_REVERSE_TABLET_LABEL"
               description="JDBUILDER_FIELD_REVERSE_TABLET_DESC"
               default="false"
               group="basic"
            >
            </field>
            <field
               type="switch"
               name="columnReverseSmall"
               label="JDBUILDER_FIELD_REVERSE_MOBILE_LABEL"
               description="JDBUILDER_FIELD_REVERSE_MOBILE_DESC"
               default="false"
               group="basic"
            >
            </field>
         </fieldset>
      </fields>
   </form>
</element>