<?xml version="1.0" encoding="utf-8"?>
<element type="content">
   <title>Content</title>
   <icon>media/jdbuilder/images/icons/elements/content.svg</icon>
   <creationDate>March 2019</creationDate>
   <author>JoomDev</author>
   <authorEmail>info@joomdev.com</authorEmail>
   <authorUrl>https://www.joomdev.com</authorUrl>
   <copyright>Copyright (C) 2019 Joomdev, Inc. All rights reserved.</copyright>
   <license>GNU General Public License version 2 or later; see LICENSE.txt</license>
   <version>1.0</version>
   <description>Element Description Here</description>
   
   <form>
      <fields>
         <fieldset name="general" label="General">
            <field type="group" name="basic" label="Basic"></field>
            <field type="group" name="typography" label="JDBUILDER_ELE_TAB_STYLE_TAB_CONTENT_TYPO_LABEL" description="JDBUILDER_ELE_TAB_STYLE_TAB_CONTENT_TYPO_DESC"></field>
            <!--  Element Options -->
            <field type="editor" language="html" name="content" label="JDBUILDER_ELE_CONTENT_LABEL" default="" description="JDBUILDER_ELE_CONTENT_DESC" group="basic" />
            <field
               name="contentTypography"
               type="typography"
               label="JDBUILDER_ELE_CONTENT_TYPOGRAPHY_LABEL"
               description="JDBUILDER_ELE_CONTENT_TYPOGRAPHY_DESC"
               group="typography"
               default=""
               responsive="true"
               >
            </field>
         </fieldset> 
      </fields>
   </form>
</element>