[{"label":"ABeeZee","value":"g~ABeeZee:400,400i"},{"label":"Abel","value":"g~Abel"},{"label":"Abhaya Libre","value":"g~Abhaya+Libre:400,500,600,700,800"},{"label":"Abril Fatface","value":"g~Abril+Fatface"},{"label":"Aclonica","value":"g~Aclonica"},{"label":"Acme","value":"g~Acme"},{"label":"Actor","value":"g~Actor"},{"label":"Adamina","value":"g~Adamina"},{"label":"Advent Pro","value":"g~Advent+Pro:100,200,300,400,500,600,700"},{"label":"Aguafina Script","value":"g~Aguafina+Script"},{"label":"Akronim","value":"g~Akronim"},{"label":"Aladin","value":"g~Aladin"},{"label":"Aldrich","value":"g~Aldrich"},{"label":"Alef","value":"g~Alef:400,700"},{"label":"Alegreya","value":"g~Alegreya:400,400i,500,500i,700,700i,800,800i,900,900i"},{"label":"Alegreya SC","value":"g~Alegreya+SC:400,400i,500,500i,700,700i,800,800i,900,900i"},{"label":"Alegreya Sans","value":"g~Alegreya+Sans:100,100i,300,300i,400,400i,500,500i,700,700i,800,800i,900,900i"},{"label":"Alegreya Sans SC","value":"g~Alegreya+Sans+SC:100,100i,300,300i,400,400i,500,500i,700,700i,800,800i,900,900i"},{"label":"Aleo","value":"g~Aleo:300,300i,400,400i,700,700i"},{"label":"Alex Brush","value":"g~Alex+Brush"},{"label":"Alfa Slab One","value":"g~Alfa+Slab+One"},{"label":"Alice","value":"g~Alice"},{"label":"Alike","value":"g~Alike"},{"label":"Alike Angular","value":"g~Alike+Angular"},{"label":"Allan","value":"g~Allan:400,700"},{"label":"Allerta","value":"g~Allerta"},{"label":"Allerta Stencil","value":"g~Allerta+Stencil"},{"label":"Allura","value":"g~Allura"},{"label":"Almendra","value":"g~Almendra:400,400i,700,700i"},{"label":"Almendra Display","value":"g~Almendra+Display"},{"label":"Almendra SC","value":"g~Almendra+SC"},{"label":"Amarante","value":"g~Amarante"},{"label":"Amaranth","value":"g~Amaranth:400,400i,700,700i"},{"label":"Amatic SC","value":"g~Amatic+SC:400,700"},{"label":"Amethysta","value":"g~Amethysta"},{"label":"Amiko","value":"g~Amiko:400,600,700"},{"label":"Amiri","value":"g~Amiri:400,400i,700,700i"},{"label":"Amita","value":"g~Amita:400,700"},{"label":"Anaheim","value":"g~Anaheim"},{"label":"Andada","value":"g~Andada"},{"label":"Andika","value":"g~Andika"},{"label":"Angkor","value":"g~Angkor"},{"label":"Annie Use Your Telescope","value":"g~Annie+Use+Your+Telescope"},{"label":"Anonymous Pro","value":"g~Anonymous+Pro:400,400i,700,700i"},{"label":"Antic","value":"g~Antic"},{"label":"Antic Didone","value":"g~Antic+Didone"},{"label":"Antic Slab","value":"g~Antic+Slab"},{"label":"Anton","value":"g~Anton"},{"label":"Arapey","value":"g~Arapey:400,400i"},{"label":"Arbutus","value":"g~Arbutus"},{"label":"Arbutus Slab","value":"g~Arbutus+Slab"},{"label":"Architects Daughter","value":"g~Architects+Daughter"},{"label":"Archivo","value":"g~Archivo:400,400i,500,500i,600,600i,700,700i"},{"label":"Archivo Black","value":"g~Archivo+Black"},{"label":"Archivo Narrow","value":"g~Archivo+Narrow:400,400i,500,500i,600,600i,700,700i"},{"label":"Aref Ruqaa","value":"g~Aref+Ruqaa:400,700"},{"label":"Arima Madurai","value":"g~Arima+Madurai:100,200,300,400,500,700,800,900"},{"label":"Arimo","value":"g~Arimo:400,400i,700,700i"},{"label":"Arizonia","value":"g~Arizonia"},{"label":"Armata","value":"g~Armata"},{"label":"Arsenal","value":"g~Arsenal:400,400i,700,700i"},{"label":"Artifika","value":"g~Artifika"},{"label":"Arvo","value":"g~Arvo:400,400i,700,700i"},{"label":"Arya","value":"g~Arya:400,700"},{"label":"Asap","value":"g~Asap:400,400i,500,500i,600,600i,700,700i"},{"label":"Asap Condensed","value":"g~Asap+Condensed:400,400i,500,500i,600,600i,700,700i"},{"label":"Asar","value":"g~Asar"},{"label":"Asset","value":"g~Asset"},{"label":"Assistant","value":"g~Assistant:200,300,400,600,700,800"},{"label":"Astloch","value":"g~Astloch:400,700"},{"label":"Asul","value":"g~Asul:400,700"},{"label":"Athiti","value":"g~Athiti:200,300,400,500,600,700"},{"label":"Atma","value":"g~Atma:300,400,500,600,700"},{"label":"Atomic Age","value":"g~Atomic+Age"},{"label":"Aubrey","value":"g~Aubrey"},{"label":"Audiowide","value":"g~Audiowide"},{"label":"Autour One","value":"g~Autour+One"},{"label":"Average","value":"g~Average"},{"label":"Average Sans","value":"g~Average+Sans"},{"label":"Averia Gruesa Libre","value":"g~Averia+Gruesa+Libre"},{"label":"Averia Libre","value":"g~Averia+Libre:300,300i,400,400i,700,700i"},{"label":"Averia Sans Libre","value":"g~Averia+Sans+Libre:300,300i,400,400i,700,700i"},{"label":"Averia Serif Libre","value":"g~Averia+Serif+Libre:300,300i,400,400i,700,700i"},{"label":"B612","value":"g~B612:400,400i,700,700i"},{"label":"B612 Mono","value":"g~B612+Mono:400,400i,700,700i"},{"label":"Bad Script","value":"g~Bad+Script"},{"label":"Bahiana","value":"g~Bahiana"},{"label":"Bai Jamjuree","value":"g~Bai+Jamjuree:200,200i,300,300i,400,400i,500,500i,600,600i,700,700i"},{"label":"Baloo","value":"g~Baloo"},{"label":"Baloo Bhai","value":"g~Baloo+Bhai"},{"label":"Baloo Bhaijaan","value":"g~Baloo+Bhaijaan"},{"label":"Baloo Bhaina","value":"g~Baloo+Bhaina"},{"label":"Baloo Chettan","value":"g~Baloo+Chettan"},{"label":"Baloo Da","value":"g~Baloo+Da"},{"label":"Baloo Paaji","value":"g~Baloo+Paaji"},{"label":"Baloo Tamma","value":"g~Baloo+Tamma"},{"label":"Baloo Tammudu","value":"g~Baloo+Tammudu"},{"label":"Baloo Thambi","value":"g~Baloo+Thambi"},{"label":"Balthazar","value":"g~Balthazar"},{"label":"Bangers","value":"g~Bangers"},{"label":"Barlow","value":"g~Barlow:100,100i,200,200i,300,300i,400,400i,500,500i,600,600i,700,700i,800,800i,900,900i"},{"label":"Barlow Condensed","value":"g~Barlow+Condensed:100,100i,200,200i,300,300i,400,400i,500,500i,600,600i,700,700i,800,800i,900,900i"},{"label":"Barlow Semi Condensed","value":"g~Barlow+Semi+Condensed:100,100i,200,200i,300,300i,400,400i,500,500i,600,600i,700,700i,800,800i,900,900i"},{"label":"Barrio","value":"g~Barrio"},{"label":"Basic","value":"g~Basic"},{"label":"Battambang","value":"g~Battambang:400,700"},{"label":"Baumans","value":"g~Baumans"},{"label":"Bayon","value":"g~Bayon"},{"label":"Belgrano","value":"g~Belgrano"},{"label":"Bellefair","value":"g~Bellefair"},{"label":"Belleza","value":"g~Belleza"},{"label":"BenchNine","value":"g~BenchNine:300,400,700"},{"label":"Bentham","value":"g~Bentham"},{"label":"Berkshire Swash","value":"g~Berkshire+Swash"},{"label":"Bevan","value":"g~Bevan"},{"label":"Bigelow Rules","value":"g~Bigelow+Rules"},{"label":"Bigshot One","value":"g~Bigshot+One"},{"label":"Bilbo","value":"g~Bilbo"},{"label":"Bilbo Swash Caps","value":"g~Bilbo+Swash+Caps"},{"label":"BioRhyme","value":"g~BioRhyme:200,300,400,700,800"},{"label":"BioRhyme Expanded","value":"g~BioRhyme+Expanded:200,300,400,700,800"},{"label":"Biryani","value":"g~Biryani:200,300,400,600,700,800,900"},{"label":"Bitter","value":"g~Bitter:400,400i,700"},{"label":"Black And White Picture","value":"g~Black+And+White+Picture"},{"label":"Black Han Sans","value":"g~Black+Han+Sans"},{"label":"Black Ops One","value":"g~Black+Ops+One"},{"label":"Bokor","value":"g~Bokor"},{"label":"Bonbon","value":"g~Bonbon"},{"label":"Boogaloo","value":"g~Boogaloo"},{"label":"Bowlby One","value":"g~Bowlby+One"},{"label":"Bowlby One SC","value":"g~Bowlby+One+SC"},{"label":"Brawler","value":"g~Brawler"},{"label":"Bree Serif","value":"g~Bree+Serif"},{"label":"Bubblegum Sans","value":"g~Bubblegum+Sans"},{"label":"Bubbler One","value":"g~Bubbler+One"},{"label":"Buda","value":"g~Buda"},{"label":"Buenard","value":"g~Buenard:400,700"},{"label":"Bungee","value":"g~Bungee"},{"label":"Bungee Hairline","value":"g~Bungee+Hairline"},{"label":"Bungee Inline","value":"g~Bungee+Inline"},{"label":"Bungee Outline","value":"g~Bungee+Outline"},{"label":"Bungee Shade","value":"g~Bungee+Shade"},{"label":"Butcherman","value":"g~Butcherman"},{"label":"Butterfly Kids","value":"g~Butterfly+Kids"},{"label":"Cabin","value":"g~Cabin:400,400i,500,500i,600,600i,700,700i"},{"label":"Cabin Condensed","value":"g~Cabin+Condensed:400,500,600,700"},{"label":"Cabin Sketch","value":"g~Cabin+Sketch:400,700"},{"label":"Caesar Dressing","value":"g~Caesar+Dressing"},{"label":"Cagliostro","value":"g~Cagliostro"},{"label":"Cairo","value":"g~Cairo:200,300,400,600,700,900"},{"label":"Calligraffitti","value":"g~Calligraffitti"},{"label":"Cambay","value":"g~Cambay:400,400i,700,700i"},{"label":"Cambo","value":"g~Cambo"},{"label":"Candal","value":"g~Candal"},{"label":"Cantarell","value":"g~Cantarell:400,400i,700,700i"},{"label":"Cantata One","value":"g~Cantata+One"},{"label":"Cantora One","value":"g~Cantora+One"},{"label":"Capriola","value":"g~Capriola"},{"label":"Cardo","value":"g~Cardo:400,400i,700"},{"label":"Carme","value":"g~Carme"},{"label":"Carrois Gothic","value":"g~Carrois+Gothic"},{"label":"Carrois Gothic SC","value":"g~Carrois+Gothic+SC"},{"label":"Carter One","value":"g~Carter+One"},{"label":"Catamaran","value":"g~Catamaran:100,200,300,400,500,600,700,800,900"},{"label":"Caudex","value":"g~Caudex:400,400i,700,700i"},{"label":"Caveat","value":"g~Caveat:400,700"},{"label":"Caveat Brush","value":"g~Caveat+Brush"},{"label":"Cedarville Cursive","value":"g~Cedarville+Cursive"},{"label":"Ceviche One","value":"g~Ceviche+One"},{"label":"Chakra Petch","value":"g~Chakra+Petch:300,300i,400,400i,500,500i,600,600i,700,700i"},{"label":"Changa","value":"g~Changa:200,300,400,500,600,700,800"},{"label":"Changa One","value":"g~Changa+One:400,400i"},{"label":"Chango","value":"g~Chango"},{"label":"Charm","value":"g~Charm:400,700"},{"label":"Charmonman","value":"g~Charmonman:400,700"},{"label":"Chathura","value":"g~Chathura:100,300,400,700,800"},{"label":"Chau Philomene One","value":"g~Chau+Philomene+One:400,400i"},{"label":"Chela One","value":"g~Chela+One"},{"label":"Chelsea Market","value":"g~Chelsea+Market"},{"label":"Chenla","value":"g~Chenla"},{"label":"Cherry Cream Soda","value":"g~Cherry+Cream+Soda"},{"label":"Cherry Swash","value":"g~Cherry+Swash:400,700"},{"label":"Chewy","value":"g~Chewy"},{"label":"Chicle","value":"g~Chicle"},{"label":"Chivo","value":"g~Chivo:300,300i,400,400i,700,700i,900,900i"},{"label":"Chonburi","value":"g~Chonburi"},{"label":"Cinzel","value":"g~Cinzel:400,700,900"},{"label":"Cinzel Decorative","value":"g~Cinzel+Decorative:400,700,900"},{"label":"Clicker Script","value":"g~Clicker+Script"},{"label":"Coda","value":"g~Coda:400,800"},{"label":"Coda Caption","value":"g~Coda+Caption"},{"label":"Codystar","value":"g~Codystar:300,400"},{"label":"Coiny","value":"g~Coiny"},{"label":"Combo","value":"g~Combo"},{"label":"Comfortaa","value":"g~Comfortaa:300,400,500,600,700"},{"label":"Coming Soon","value":"g~Coming+Soon"},{"label":"Concert One","value":"g~Concert+One"},{"label":"Condiment","value":"g~Condiment"},{"label":"Content","value":"g~Content:400,700"},{"label":"Contrail One","value":"g~Contrail+One"},{"label":"Convergence","value":"g~Convergence"},{"label":"Cookie","value":"g~Cookie"},{"label":"Copse","value":"g~Copse"},{"label":"Corben","value":"g~Corben:400,700"},{"label":"Cormorant","value":"g~Cormorant:300,300i,400,400i,500,500i,600,600i,700,700i"},{"label":"Cormorant Garamond","value":"g~Cormorant+Garamond:300,300i,400,400i,500,500i,600,600i,700,700i"},{"label":"Cormorant Infant","value":"g~Cormorant+Infant:300,300i,400,400i,500,500i,600,600i,700,700i"},{"label":"Cormorant SC","value":"g~Cormorant+SC:300,400,500,600,700"},{"label":"Cormorant Unicase","value":"g~Cormorant+Unicase:300,400,500,600,700"},{"label":"Cormorant Upright","value":"g~Cormorant+Upright:300,400,500,600,700"},{"label":"Courgette","value":"g~Courgette"},{"label":"Cousine","value":"g~Cousine:400,400i,700,700i"},{"label":"Coustard","value":"g~Coustard:400,900"},{"label":"Covered By Your Grace","value":"g~Covered+By+Your+Grace"},{"label":"Crafty Girls","value":"g~Crafty+Girls"},{"label":"Creepster","value":"g~Creepster"},{"label":"Crete Round","value":"g~Crete+Round:400,400i"},{"label":"Crimson Text","value":"g~Crimson+Text:400,400i,600,600i,700,700i"},{"label":"Croissant One","value":"g~Croissant+One"},{"label":"Crushed","value":"g~Crushed"},{"label":"Cuprum","value":"g~Cuprum:400,400i,700,700i"},{"label":"Cute Font","value":"g~Cute+Font"},{"label":"Cutive","value":"g~Cutive"},{"label":"Cutive Mono","value":"g~Cutive+Mono"},{"label":"Damion","value":"g~Damion"},{"label":"Dancing Script","value":"g~Dancing+Script:400,700"},{"label":"Dangrek","value":"g~Dangrek"},{"label":"David Libre","value":"g~David+Libre:400,500,700"},{"label":"Dawning of a New Day","value":"g~Dawning+of+a+New+Day"},{"label":"Days One","value":"g~Days+One"},{"label":"Dekko","value":"g~Dekko"},{"label":"Delius","value":"g~Delius"},{"label":"Delius Swash Caps","value":"g~Delius+Swash+Caps"},{"label":"Delius Unicase","value":"g~Delius+Unicase:400,700"},{"label":"Della Respira","value":"g~Della+Respira"},{"label":"Denk One","value":"g~Denk+One"},{"label":"Devonshire","value":"g~Devonshire"},{"label":"Dhurjati","value":"g~Dhurjati"},{"label":"Didact Gothic","value":"g~Didact+Gothic"},{"label":"Diplomata","value":"g~Diplomata"},{"label":"Diplomata SC","value":"g~Diplomata+SC"},{"label":"Do Hyeon","value":"g~Do+Hyeon"},{"label":"Dokdo","value":"g~Dokdo"},{"label":"Domine","value":"g~Domine:400,700"},{"label":"Donegal One","value":"g~Donegal+One"},{"label":"Doppio One","value":"g~Doppio+One"},{"label":"Dorsa","value":"g~Dorsa"},{"label":"Dosis","value":"g~Dosis:200,300,400,500,600,700,800"},{"label":"Dr Sugiyama","value":"g~Dr+Sugiyama"},{"label":"Duru Sans","value":"g~Duru+Sans"},{"label":"Dynalight","value":"g~Dynalight"},{"label":"EB Garamond","value":"g~EB+Garamond:400,400i,500,500i,600,600i,700,700i,800,800i"},{"label":"Eagle Lake","value":"g~Eagle+Lake"},{"label":"East Sea Dokdo","value":"g~East+Sea+Dokdo"},{"label":"Eater","value":"g~Eater"},{"label":"Economica","value":"g~Economica:400,400i,700,700i"},{"label":"Eczar","value":"g~Eczar:400,500,600,700,800"},{"label":"El Messiri","value":"g~El+Messiri:400,500,600,700"},{"label":"Electrolize","value":"g~Electrolize"},{"label":"Elsie","value":"g~Elsie:400,900"},{"label":"Elsie Swash Caps","value":"g~Elsie+Swash+Caps:400,900"},{"label":"Emblema One","value":"g~Emblema+One"},{"label":"Emilys Candy","value":"g~Emilys+Candy"},{"label":"Encode Sans","value":"g~Encode+Sans:100,200,300,400,500,600,700,800,900"},{"label":"Encode Sans Condensed","value":"g~Encode+Sans+Condensed:100,200,300,400,500,600,700,800,900"},{"label":"Encode Sans Expanded","value":"g~Encode+Sans+Expanded:100,200,300,400,500,600,700,800,900"},{"label":"Encode Sans Semi Condensed","value":"g~Encode+Sans+Semi+Condensed:100,200,300,400,500,600,700,800,900"},{"label":"Encode Sans Semi Expanded","value":"g~Encode+Sans+Semi+Expanded:100,200,300,400,500,600,700,800,900"},{"label":"Engagement","value":"g~Engagement"},{"label":"Englebert","value":"g~Englebert"},{"label":"Enriqueta","value":"g~Enriqueta:400,700"},{"label":"Erica One","value":"g~Erica+One"},{"label":"Esteban","value":"g~Esteban"},{"label":"Euphoria Script","value":"g~Euphoria+Script"},{"label":"Ewert","value":"g~Ewert"},{"label":"Exo","value":"g~Exo:100,100i,200,200i,300,300i,400,400i,500,500i,600,600i,700,700i,800,800i,900,900i"},{"label":"Exo 2","value":"g~Exo+2:100,100i,200,200i,300,300i,400,400i,500,500i,600,600i,700,700i,800,800i,900,900i"},{"label":"Expletus Sans","value":"g~Expletus+Sans:400,400i,500,500i,600,600i,700,700i"},{"label":"Fahkwang","value":"g~Fahkwang:200,200i,300,300i,400,400i,500,500i,600,600i,700,700i"},{"label":"Fanwood Text","value":"g~Fanwood+Text:400,400i"},{"label":"Farsan","value":"g~Farsan"},{"label":"Fascinate","value":"g~Fascinate"},{"label":"Fascinate Inline","value":"g~Fascinate+Inline"},{"label":"Faster One","value":"g~Faster+One"},{"label":"Fasthand","value":"g~Fasthand"},{"label":"Fauna One","value":"g~Fauna+One"},{"label":"Faustina","value":"g~Faustina:400,400i,500,500i,600,600i,700,700i"},{"label":"Federant","value":"g~Federant"},{"label":"Federo","value":"g~Federo"},{"label":"Felipa","value":"g~Felipa"},{"label":"Fenix","value":"g~Fenix"},{"label":"Finger Paint","value":"g~Finger+Paint"},{"label":"Fira Mono","value":"g~Fira+Mono:400,500,700"},{"label":"Fira Sans","value":"g~Fira+Sans:100,100i,200,200i,300,300i,400,400i,500,500i,600,600i,700,700i,800,800i,900,900i"},{"label":"Fira Sans Condensed","value":"g~Fira+Sans+Condensed:100,100i,200,200i,300,300i,400,400i,500,500i,600,600i,700,700i,800,800i,900,900i"},{"label":"Fira Sans Extra Condensed","value":"g~Fira+Sans+Extra+Condensed:100,100i,200,200i,300,300i,400,400i,500,500i,600,600i,700,700i,800,800i,900,900i"},{"label":"Fjalla One","value":"g~Fjalla+One"},{"label":"Fjord One","value":"g~Fjord+One"},{"label":"Flamenco","value":"g~Flamenco:300,400"},{"label":"Flavors","value":"g~Flavors"},{"label":"Fondamento","value":"g~Fondamento:400,400i"},{"label":"Fontdiner Swanky","value":"g~Fontdiner+Swanky"},{"label":"Forum","value":"g~Forum"},{"label":"Francois One","value":"g~Francois+One"},{"label":"Frank Ruhl Libre","value":"g~Frank+Ruhl+Libre:300,400,500,700,900"},{"label":"Freckle Face","value":"g~Freckle+Face"},{"label":"Fredericka the Great","value":"g~Fredericka+the+Great"},{"label":"Fredoka One","value":"g~Fredoka+One"},{"label":"Freehand","value":"g~Freehand"},{"label":"Fresca","value":"g~Fresca"},{"label":"Frijole","value":"g~Frijole"},{"label":"Fruktur","value":"g~Fruktur"},{"label":"Fugaz One","value":"g~Fugaz+One"},{"label":"GFS Didot","value":"g~GFS+Didot"},{"label":"GFS Neohellenic","value":"g~GFS+Neohellenic:400,400i,700,700i"},{"label":"Gabriela","value":"g~Gabriela"},{"label":"Gaegu","value":"g~Gaegu:300,400,700"},{"label":"Gafata","value":"g~Gafata"},{"label":"Galada","value":"g~Galada"},{"label":"Galdeano","value":"g~Galdeano"},{"label":"Galindo","value":"g~Galindo"},{"label":"Gamja Flower","value":"g~Gamja+Flower"},{"label":"Gentium Basic","value":"g~Gentium+Basic:400,400i,700,700i"},{"label":"Gentium Book Basic","value":"g~Gentium+Book+Basic:400,400i,700,700i"},{"label":"Geo","value":"g~Geo:400,400i"},{"label":"Geostar","value":"g~Geostar"},{"label":"Geostar Fill","value":"g~Geostar+Fill"},{"label":"Germania One","value":"g~Germania+One"},{"label":"Gidugu","value":"g~Gidugu"},{"label":"Gilda Display","value":"g~Gilda+Display"},{"label":"Give You Glory","value":"g~Give+You+Glory"},{"label":"Glass Antiqua","value":"g~Glass+Antiqua"},{"label":"Glegoo","value":"g~Glegoo:400,700"},{"label":"Gloria Hallelujah","value":"g~Gloria+Hallelujah"},{"label":"Goblin One","value":"g~Goblin+One"},{"label":"Gochi Hand","value":"g~Gochi+Hand"},{"label":"Gorditas","value":"g~Gorditas:400,700"},{"label":"Gothic A1","value":"g~Gothic+A1:100,200,300,400,500,600,700,800,900"},{"label":"Goudy Bookletter 1911","value":"g~Goudy+Bookletter+1911"},{"label":"Graduate","value":"g~Graduate"},{"label":"Grand Hotel","value":"g~Grand+Hotel"},{"label":"Gravitas One","value":"g~Gravitas+One"},{"label":"Great Vibes","value":"g~Great+Vibes"},{"label":"Griffy","value":"g~Griffy"},{"label":"Gruppo","value":"g~Gruppo"},{"label":"Gudea","value":"g~Gudea:400,400i,700"},{"label":"Gugi","value":"g~Gugi"},{"label":"Gurajada","value":"g~Gurajada"},{"label":"Habibi","value":"g~Habibi"},{"label":"Halant","value":"g~Halant:300,400,500,600,700"},{"label":"Hammersmith One","value":"g~Hammersmith+One"},{"label":"Hanalei","value":"g~Hanalei"},{"label":"Hanalei Fill","value":"g~Hanalei+Fill"},{"label":"Handlee","value":"g~Handlee"},{"label":"Hanuman","value":"g~Hanuman:400,700"},{"label":"Happy Monkey","value":"g~Happy+Monkey"},{"label":"Harmattan","value":"g~Harmattan"},{"label":"Headland One","value":"g~Headland+One"},{"label":"Heebo","value":"g~Heebo:100,300,400,500,700,800,900"},{"label":"Henny Penny","value":"g~Henny+Penny"},{"label":"Herr Von Muellerhoff","value":"g~Herr+Von+Muellerhoff"},{"label":"Hi Melody","value":"g~Hi+Melody"},{"label":"Hind","value":"g~Hind:300,400,500,600,700"},{"label":"Hind Guntur","value":"g~Hind+Guntur:300,400,500,600,700"},{"label":"Hind Madurai","value":"g~Hind+Madurai:300,400,500,600,700"},{"label":"Hind Siliguri","value":"g~Hind+Siliguri:300,400,500,600,700"},{"label":"Hind Vadodara","value":"g~Hind+Vadodara:300,400,500,600,700"},{"label":"Holtwood One SC","value":"g~Holtwood+One+SC"},{"label":"Homemade Apple","value":"g~Homemade+Apple"},{"label":"Homenaje","value":"g~Homenaje"},{"label":"IBM Plex Mono","value":"g~IBM+Plex+Mono:100,100i,200,200i,300,300i,400,400i,500,500i,600,600i,700,700i"},{"label":"IBM Plex Sans","value":"g~IBM+Plex+Sans:100,100i,200,200i,300,300i,400,400i,500,500i,600,600i,700,700i"},{"label":"IBM Plex Sans Condensed","value":"g~IBM+Plex+Sans+Condensed:100,100i,200,200i,300,300i,400,400i,500,500i,600,600i,700,700i"},{"label":"IBM Plex Serif","value":"g~IBM+Plex+Serif:100,100i,200,200i,300,300i,400,400i,500,500i,600,600i,700,700i"},{"label":"IM Fell DW Pica","value":"g~IM+Fell+DW+Pica:400,400i"},{"label":"IM Fell DW Pica SC","value":"g~IM+Fell+DW+Pica+SC"},{"label":"IM Fell Double Pica","value":"g~IM+Fell+Double+Pica:400,400i"},{"label":"IM Fell Double Pica SC","value":"g~IM+Fell+Double+Pica+SC"},{"label":"IM Fell English","value":"g~IM+Fell+English:400,400i"},{"label":"IM Fell English SC","value":"g~IM+Fell+English+SC"},{"label":"IM Fell French Canon","value":"g~IM+Fell+French+Canon:400,400i"},{"label":"IM Fell French Canon SC","value":"g~IM+Fell+French+Canon+SC"},{"label":"IM Fell Great Primer","value":"g~IM+Fell+Great+Primer:400,400i"},{"label":"IM Fell Great Primer SC","value":"g~IM+Fell+Great+Primer+SC"},{"label":"Iceberg","value":"g~Iceberg"},{"label":"Iceland","value":"g~Iceland"},{"label":"Imprima","value":"g~Imprima"},{"label":"Inconsolata","value":"g~Inconsolata:400,700"},{"label":"Inder","value":"g~Inder"},{"label":"Indie Flower","value":"g~Indie+Flower"},{"label":"Inika","value":"g~Inika:400,700"},{"label":"Inknut Antiqua","value":"g~Inknut+Antiqua:300,400,500,600,700,800,900"},{"label":"Irish Grover","value":"g~Irish+Grover"},{"label":"Istok Web","value":"g~Istok+Web:400,400i,700,700i"},{"label":"Italiana","value":"g~Italiana"},{"label":"Italianno","value":"g~Italianno"},{"label":"Itim","value":"g~Itim"},{"label":"Jacques Francois","value":"g~Jacques+Francois"},{"label":"Jacques Francois Shadow","value":"g~Jacques+Francois+Shadow"},{"label":"Jaldi","value":"g~Jaldi:400,700"},{"label":"Jim Nightshade","value":"g~Jim+Nightshade"},{"label":"Jockey One","value":"g~Jockey+One"},{"label":"Jolly Lodger","value":"g~Jolly+Lodger"},{"label":"Jomhuria","value":"g~Jomhuria"},{"label":"Josefin Sans","value":"g~Josefin+Sans:100,100i,300,300i,400,400i,600,600i,700,700i"},{"label":"Josefin Slab","value":"g~Josefin+Slab:100,100i,300,300i,400,400i,600,600i,700,700i"},{"label":"Joti One","value":"g~Joti+One"},{"label":"Jua","value":"g~Jua"},{"label":"Judson","value":"g~Judson:400,400i,700"},{"label":"Julee","value":"g~Julee"},{"label":"Julius Sans One","value":"g~Julius+Sans+One"},{"label":"Junge","value":"g~Junge"},{"label":"Jura","value":"g~Jura:300,400,500,600,700"},{"label":"Just Another Hand","value":"g~Just+Another+Hand"},{"label":"Just Me Again Down Here","value":"g~Just+Me+Again+Down+Here"},{"label":"K2D","value":"g~K2D:100,100i,200,200i,300,300i,400,400i,500,500i,600,600i,700,700i,800,800i"},{"label":"Kadwa","value":"g~Kadwa:400,700"},{"label":"Kalam","value":"g~Kalam:300,400,700"},{"label":"Kameron","value":"g~Kameron:400,700"},{"label":"Kanit","value":"g~Kanit:100,100i,200,200i,300,300i,400,400i,500,500i,600,600i,700,700i,800,800i,900,900i"},{"label":"Kantumruy","value":"g~Kantumruy:300,400,700"},{"label":"Karla","value":"g~Karla:400,400i,700,700i"},{"label":"Karma","value":"g~Karma:300,400,500,600,700"},{"label":"Katibeh","value":"g~Katibeh"},{"label":"Kaushan Script","value":"g~Kaushan+Script"},{"label":"Kavivanar","value":"g~Kavivanar"},{"label":"Kavoon","value":"g~Kavoon"},{"label":"Kdam Thmor","value":"g~Kdam+Thmor"},{"label":"Keania One","value":"g~Keania+One"},{"label":"Kelly Slab","value":"g~Kelly+Slab"},{"label":"Kenia","value":"g~Kenia"},{"label":"Khand","value":"g~Khand:300,400,500,600,700"},{"label":"Khmer","value":"g~Khmer"},{"label":"Khula","value":"g~Khula:300,400,600,700,800"},{"label":"Kirang Haerang","value":"g~Kirang+Haerang"},{"label":"Kite One","value":"g~Kite+One"},{"label":"Knewave","value":"g~Knewave"},{"label":"KoHo","value":"g~KoHo:200,200i,300,300i,400,400i,500,500i,600,600i,700,700i"},{"label":"Kodchasan","value":"g~Kodchasan:200,200i,300,300i,400,400i,500,500i,600,600i,700,700i"},{"label":"Kosugi","value":"g~Kosugi"},{"label":"Kosugi Maru","value":"g~Kosugi+Maru"},{"label":"Kotta One","value":"g~Kotta+One"},{"label":"Koulen","value":"g~Koulen"},{"label":"Kranky","value":"g~Kranky"},{"label":"Kreon","value":"g~Kreon:300,400,700"},{"label":"Kristi","value":"g~Kristi"},{"label":"Krona One","value":"g~Krona+One"},{"label":"Krub","value":"g~Krub:200,200i,300,300i,400,400i,500,500i,600,600i,700,700i"},{"label":"Kumar One","value":"g~Kumar+One"},{"label":"Kumar One Outline","value":"g~Kumar+One+Outline"},{"label":"Kurale","value":"g~Kurale"},{"label":"La Belle Aurore","value":"g~La+Belle+Aurore"},{"label":"Laila","value":"g~Laila:300,400,500,600,700"},{"label":"Lakki Reddy","value":"g~Lakki+Reddy"},{"label":"Lalezar","value":"g~Lalezar"},{"label":"Lancelot","value":"g~Lancelot"},{"label":"Lateef","value":"g~Lateef"},{"label":"Lato","value":"g~Lato:100,100i,300,300i,400,400i,700,700i,900,900i"},{"label":"League Script","value":"g~League+Script"},{"label":"Leckerli One","value":"g~Leckerli+One"},{"label":"Ledger","value":"g~Ledger"},{"label":"Lekton","value":"g~Lekton:400,400i,700"},{"label":"Lemon","value":"g~Lemon"},{"label":"Lemonada","value":"g~Lemonada:300,400,600,700"},{"label":"Libre Barcode 128","value":"g~Libre+Barcode+128"},{"label":"Libre Barcode 128 Text","value":"g~Libre+Barcode+128+Text"},{"label":"Libre Barcode 39","value":"g~Libre+Barcode+39"},{"label":"Libre Barcode 39 Extended","value":"g~Libre+Barcode+39+Extended"},{"label":"Libre Barcode 39 Extended Text","value":"g~Libre+Barcode+39+Extended+Text"},{"label":"Libre Barcode 39 Text","value":"g~Libre+Barcode+39+Text"},{"label":"Libre Baskerville","value":"g~Libre+Baskerville:400,400i,700"},{"label":"Libre Franklin","value":"g~Libre+Franklin:100,100i,200,200i,300,300i,400,400i,500,500i,600,600i,700,700i,800,800i,900,900i"},{"label":"Life Savers","value":"g~Life+Savers:400,700"},{"label":"Lilita One","value":"g~Lilita+One"},{"label":"Lily Script One","value":"g~Lily+Script+One"},{"label":"Limelight","value":"g~Limelight"},{"label":"Linden Hill","value":"g~Linden+Hill:400,400i"},{"label":"Lobster","value":"g~Lobster"},{"label":"Lobster Two","value":"g~Lobster+Two:400,400i,700,700i"},{"label":"Londrina Outline","value":"g~Londrina+Outline"},{"label":"Londrina Shadow","value":"g~Londrina+Shadow"},{"label":"Londrina Sketch","value":"g~Londrina+Sketch"},{"label":"Londrina Solid","value":"g~Londrina+Solid:100,300,400,900"},{"label":"Lora","value":"g~Lora:400,400i,700,700i"},{"label":"Love Ya Like A Sister","value":"g~Love+Ya+Like+A+Sister"},{"label":"Loved by the King","value":"g~Loved+by+the+King"},{"label":"Lovers Quarrel","value":"g~Lovers+Quarrel"},{"label":"Luckiest Guy","value":"g~Luckiest+Guy"},{"label":"Lusitana","value":"g~Lusitana:400,700"},{"label":"Lustria","value":"g~Lustria"},{"label":"M PLUS 1p","value":"g~M+PLUS+1p:100,300,400,500,700,800,900"},{"label":"M PLUS Rounded 1c","value":"g~M+PLUS+Rounded+1c:100,300,400,500,700,800,900"},{"label":"Macondo","value":"g~Macondo"},{"label":"Macondo Swash Caps","value":"g~Macondo+Swash+Caps"},{"label":"Mada","value":"g~Mada:200,300,400,500,600,700,900"},{"label":"Magra","value":"g~Magra:400,700"},{"label":"Maiden Orange","value":"g~Maiden+Orange"},{"label":"Maitree","value":"g~Maitree:200,300,400,500,600,700"},{"label":"Major Mono Display","value":"g~Major+Mono+Display"},{"label":"Mako","value":"g~Mako"},{"label":"Mali","value":"g~Mali:200,200i,300,300i,400,400i,500,500i,600,600i,700,700i"},{"label":"Mallanna","value":"g~Mallanna"},{"label":"Mandali","value":"g~Mandali"},{"label":"Manuale","value":"g~Manuale:400,400i,500,500i,600,600i,700,700i"},{"label":"Marcellus","value":"g~Marcellus"},{"label":"Marcellus SC","value":"g~Marcellus+SC"},{"label":"Marck Script","value":"g~Marck+Script"},{"label":"Margarine","value":"g~Margarine"},{"label":"Markazi Text","value":"g~Markazi+Text:400,500,600,700"},{"label":"Marko One","value":"g~Marko+One"},{"label":"Marmelad","value":"g~Marmelad"},{"label":"Martel","value":"g~Martel:200,300,400,600,700,800,900"},{"label":"Martel Sans","value":"g~Martel+Sans:200,300,400,600,700,800,900"},{"label":"Marvel","value":"g~Marvel:400,400i,700,700i"},{"label":"Mate","value":"g~Mate:400,400i"},{"label":"Mate SC","value":"g~Mate+SC"},{"label":"Maven Pro","value":"g~Maven+Pro:400,500,700,900"},{"label":"McLaren","value":"g~McLaren"},{"label":"Meddon","value":"g~Meddon"},{"label":"MedievalSharp","value":"g~MedievalSharp"},{"label":"Medula One","value":"g~Medula+One"},{"label":"Meera Inimai","value":"g~Meera+Inimai"},{"label":"Megrim","value":"g~Megrim"},{"label":"Meie Script","value":"g~Meie+Script"},{"label":"Merienda","value":"g~Merienda:400,700"},{"label":"Merienda One","value":"g~Merienda+One"},{"label":"Merriweather","value":"g~Merriweather:300,300i,400,400i,700,700i,900,900i"},{"label":"Merriweather Sans","value":"g~Merriweather+Sans:300,300i,400,400i,700,700i,800,800i"},{"label":"Metal","value":"g~Metal"},{"label":"Metal Mania","value":"g~Metal+Mania"},{"label":"Metamorphous","value":"g~Metamorphous"},{"label":"Metrophobic","value":"g~Metrophobic"},{"label":"Michroma","value":"g~Michroma"},{"label":"Milonga","value":"g~Milonga"},{"label":"Miltonian","value":"g~Miltonian"},{"label":"Miltonian Tattoo","value":"g~Miltonian+Tattoo"},{"label":"Mina","value":"g~Mina:400,700"},{"label":"Miniver","value":"g~Miniver"},{"label":"Miriam Libre","value":"g~Miriam+Libre:400,700"},{"label":"Mirza","value":"g~Mirza:400,500,600,700"},{"label":"Miss Fajardose","value":"g~Miss+Fajardose"},{"label":"Mitr","value":"g~Mitr:200,300,400,500,600,700"},{"label":"Modak","value":"g~Modak"},{"label":"Modern Antiqua","value":"g~Modern+Antiqua"},{"label":"Mogra","value":"g~Mogra"},{"label":"Molengo","value":"g~Molengo"},{"label":"Molle","value":"g~Molle"},{"label":"Monda","value":"g~Monda:400,700"},{"label":"Monofett","value":"g~Monofett"},{"label":"Monoton","value":"g~Monoton"},{"label":"Monsieur La Doulaise","value":"g~Monsieur+La+Doulaise"},{"label":"Montaga","value":"g~Montaga"},{"label":"Montez","value":"g~Montez"},{"label":"Montserrat","value":"g~Montserrat:100,100i,200,200i,300,300i,400,400i,500,500i,600,600i,700,700i,800,800i,900,900i"},{"label":"Montserrat Alternates","value":"g~Montserrat+Alternates:100,100i,200,200i,300,300i,400,400i,500,500i,600,600i,700,700i,800,800i,900,900i"},{"label":"Montserrat Subrayada","value":"g~Montserrat+Subrayada:400,700"},{"label":"Moul","value":"g~Moul"},{"label":"Moulpali","value":"g~Moulpali"},{"label":"Mountains of Christmas","value":"g~Mountains+of+Christmas:400,700"},{"label":"Mouse Memoirs","value":"g~Mouse+Memoirs"},{"label":"Mr Bedfort","value":"g~Mr+Bedfort"},{"label":"Mr Dafoe","value":"g~Mr+Dafoe"},{"label":"Mr De Haviland","value":"g~Mr+De+Haviland"},{"label":"Mrs Saint Delafield","value":"g~Mrs+Saint+Delafield"},{"label":"Mrs Sheppards","value":"g~Mrs+Sheppards"},{"label":"Mukta","value":"g~Mukta:200,300,400,500,600,700,800"},{"label":"Mukta Mahee","value":"g~Mukta+Mahee:200,300,400,500,600,700,800"},{"label":"Mukta Malar","value":"g~Mukta+Malar:200,300,400,500,600,700,800"},{"label":"Mukta Vaani","value":"g~Mukta+Vaani:200,300,400,500,600,700,800"},{"label":"Muli","value":"g~Muli:200,200i,300,300i,400,400i,600,600i,700,700i,800,800i,900,900i"},{"label":"Mystery Quest","value":"g~Mystery+Quest"},{"label":"NTR","value":"g~NTR"},{"label":"Nanum Brush Script","value":"g~Nanum+Brush+Script"},{"label":"Nanum Gothic","value":"g~Nanum+Gothic:400,700,800"},{"label":"Nanum Gothic Coding","value":"g~Nanum+Gothic+Coding:400,700"},{"label":"Nanum Myeongjo","value":"g~Nanum+Myeongjo:400,700,800"},{"label":"Nanum Pen Script","value":"g~Nanum+Pen+Script"},{"label":"Neucha","value":"g~Neucha"},{"label":"Neuton","value":"g~Neuton:200,300,400,400i,700,800"},{"label":"New Rocker","value":"g~New+Rocker"},{"label":"News Cycle","value":"g~News+Cycle:400,700"},{"label":"Niconne","value":"g~Niconne"},{"label":"Niramit","value":"g~Niramit:200,200i,300,300i,400,400i,500,500i,600,600i,700,700i"},{"label":"Nixie One","value":"g~Nixie+One"},{"label":"Nobile","value":"g~Nobile:400,400i,500,500i,700,700i"},{"label":"Nokora","value":"g~Nokora:400,700"},{"label":"Norican","value":"g~Norican"},{"label":"Nosifer","value":"g~Nosifer"},{"label":"Notable","value":"g~Notable"},{"label":"Nothing You Could Do","value":"g~Nothing+You+Could+Do"},{"label":"Noticia Text","value":"g~Noticia+Text:400,400i,700,700i"},{"label":"Noto Sans","value":"g~Noto+Sans:400,400i,700,700i"},{"label":"Noto Sans JP","value":"g~Noto+Sans+JP:100,300,400,500,700,900"},{"label":"Noto Sans KR","value":"g~Noto+Sans+KR:100,300,400,500,700,900"},{"label":"Noto Sans SC","value":"g~Noto+Sans+SC:100,300,400,500,700,900"},{"label":"Noto Sans TC","value":"g~Noto+Sans+TC:100,300,400,500,700,900"},{"label":"Noto Serif","value":"g~Noto+Serif:400,400i,700,700i"},{"label":"Noto Serif JP","value":"g~Noto+Serif+JP:200,300,400,500,600,700,900"},{"label":"Noto Serif KR","value":"g~Noto+Serif+KR:200,300,400,500,600,700,900"},{"label":"Noto Serif SC","value":"g~Noto+Serif+SC:200,300,400,500,600,700,900"},{"label":"Noto Serif TC","value":"g~Noto+Serif+TC:200,300,400,500,600,700,900"},{"label":"Nova Cut","value":"g~Nova+Cut"},{"label":"Nova Flat","value":"g~Nova+Flat"},{"label":"Nova Mono","value":"g~Nova+Mono"},{"label":"Nova Oval","value":"g~Nova+Oval"},{"label":"Nova Round","value":"g~Nova+Round"},{"label":"Nova Script","value":"g~Nova+Script"},{"label":"Nova Slim","value":"g~Nova+Slim"},{"label":"Nova Square","value":"g~Nova+Square"},{"label":"Numans","value":"g~Numans"},{"label":"Nunito","value":"g~Nunito:200,200i,300,300i,400,400i,600,600i,700,700i,800,800i,900,900i"},{"label":"Nunito Sans","value":"g~Nunito+Sans:200,200i,300,300i,400,400i,600,600i,700,700i,800,800i,900,900i"},{"label":"Odor Mean Chey","value":"g~Odor+Mean+Chey"},{"label":"Offside","value":"g~Offside"},{"label":"Old Standard TT","value":"g~Old+Standard+TT:400,400i,700"},{"label":"Oldenburg","value":"g~Oldenburg"},{"label":"Oleo Script","value":"g~Oleo+Script:400,700"},{"label":"Oleo Script Swash Caps","value":"g~Oleo+Script+Swash+Caps:400,700"},{"label":"Open Sans","value":"g~Open+Sans:300,300i,400,400i,600,600i,700,700i,800,800i"},{"label":"Open Sans Condensed","value":"g~Open+Sans+Condensed:300,300i,700"},{"label":"Oranienbaum","value":"g~Oranienbaum"},{"label":"Orbitron","value":"g~Orbitron:400,500,700,900"},{"label":"Oregano","value":"g~Oregano:400,400i"},{"label":"Orienta","value":"g~Orienta"},{"label":"Original Surfer","value":"g~Original+Surfer"},{"label":"Oswald","value":"g~Oswald:200,300,400,500,600,700"},{"label":"Over the Rainbow","value":"g~Over+the+Rainbow"},{"label":"Overlock","value":"g~Overlock:400,400i,700,700i,900,900i"},{"label":"Overlock SC","value":"g~Overlock+SC"},{"label":"Overpass","value":"g~Overpass:100,100i,200,200i,300,300i,400,400i,600,600i,700,700i,800,800i,900,900i"},{"label":"Overpass Mono","value":"g~Overpass+Mono:300,400,600,700"},{"label":"Ovo","value":"g~Ovo"},{"label":"Oxygen","value":"g~Oxygen:300,400,700"},{"label":"Oxygen Mono","value":"g~Oxygen+Mono"},{"label":"PT Mono","value":"g~PT+Mono"},{"label":"PT Sans","value":"g~PT+Sans:400,400i,700,700i"},{"label":"PT Sans Caption","value":"g~PT+Sans+Caption:400,700"},{"label":"PT Sans Narrow","value":"g~PT+Sans+Narrow:400,700"},{"label":"PT Serif","value":"g~PT+Serif:400,400i,700,700i"},{"label":"PT Serif Caption","value":"g~PT+Serif+Caption:400,400i"},{"label":"Pacifico","value":"g~Pacifico"},{"label":"Padauk","value":"g~Padauk:400,700"},{"label":"Palanquin","value":"g~Palanquin:100,200,300,400,500,600,700"},{"label":"Palanquin Dark","value":"g~Palanquin+Dark:400,500,600,700"},{"label":"Pangolin","value":"g~Pangolin"},{"label":"Paprika","value":"g~Paprika"},{"label":"Parisienne","value":"g~Parisienne"},{"label":"Passero One","value":"g~Passero+One"},{"label":"Passion One","value":"g~Passion+One:400,700,900"},{"label":"Pathway Gothic One","value":"g~Pathway+Gothic+One"},{"label":"Patrick Hand","value":"g~Patrick+Hand"},{"label":"Patrick Hand SC","value":"g~Patrick+Hand+SC"},{"label":"Pattaya","value":"g~Pattaya"},{"label":"Patua One","value":"g~Patua+One"},{"label":"Pavanam","value":"g~Pavanam"},{"label":"Paytone One","value":"g~Paytone+One"},{"label":"Peddana","value":"g~Peddana"},{"label":"Peralta","value":"g~Peralta"},{"label":"Permanent Marker","value":"g~Permanent+Marker"},{"label":"Petit Formal Script","value":"g~Petit+Formal+Script"},{"label":"Petrona","value":"g~Petrona"},{"label":"Philosopher","value":"g~Philosopher:400,400i,700,700i"},{"label":"Piedra","value":"g~Piedra"},{"label":"Pinyon Script","value":"g~Pinyon+Script"},{"label":"Pirata One","value":"g~Pirata+One"},{"label":"Plaster","value":"g~Plaster"},{"label":"Play","value":"g~Play:400,700"},{"label":"Playball","value":"g~Playball"},{"label":"Playfair Display","value":"g~Playfair+Display:400,400i,700,700i,900,900i"},{"label":"Playfair Display SC","value":"g~Playfair+Display+SC:400,400i,700,700i,900,900i"},{"label":"Podkova","value":"g~Podkova:400,500,600,700,800"},{"label":"Poiret One","value":"g~Poiret+One"},{"label":"Poller One","value":"g~Poller+One"},{"label":"Poly","value":"g~Poly:400,400i"},{"label":"Pompiere","value":"g~Pompiere"},{"label":"Pontano Sans","value":"g~Pontano+Sans"},{"label":"Poor Story","value":"g~Poor+Story"},{"label":"Poppins","value":"g~Poppins:100,100i,200,200i,300,300i,400,400i,500,500i,600,600i,700,700i,800,800i,900,900i"},{"label":"Port Lligat Sans","value":"g~Port+Lligat+Sans"},{"label":"Port Lligat Slab","value":"g~Port+Lligat+Slab"},{"label":"Pragati Narrow","value":"g~Pragati+Narrow:400,700"},{"label":"Prata","value":"g~Prata"},{"label":"Preahvihear","value":"g~Preahvihear"},{"label":"Press Start 2P","value":"g~Press+Start+2P"},{"label":"Pridi","value":"g~Pridi:200,300,400,500,600,700"},{"label":"Princess Sofia","value":"g~Princess+Sofia"},{"label":"Prociono","value":"g~Prociono"},{"label":"Prompt","value":"g~Prompt:100,100i,200,200i,300,300i,400,400i,500,500i,600,600i,700,700i,800,800i,900,900i"},{"label":"Prosto One","value":"g~Prosto+One"},{"label":"Proza Libre","value":"g~Proza+Libre:400,400i,500,500i,600,600i,700,700i,800,800i"},{"label":"Puritan","value":"g~Puritan:400,400i,700,700i"},{"label":"Purple Purse","value":"g~Purple+Purse"},{"label":"Quando","value":"g~Quando"},{"label":"Quantico","value":"g~Quantico:400,400i,700,700i"},{"label":"Quattrocento","value":"g~Quattrocento:400,700"},{"label":"Quattrocento Sans","value":"g~Quattrocento+Sans:400,400i,700,700i"},{"label":"Questrial","value":"g~Questrial"},{"label":"Quicksand","value":"g~Quicksand:300,400,500,700"},{"label":"Quintessential","value":"g~Quintessential"},{"label":"Qwigley","value":"g~Qwigley"},{"label":"Racing Sans One","value":"g~Racing+Sans+One"},{"label":"Radley","value":"g~Radley:400,400i"},{"label":"Rajdhani","value":"g~Rajdhani:300,400,500,600,700"},{"label":"Rakkas","value":"g~Rakkas"},{"label":"Raleway","value":"g~Raleway:100,100i,200,200i,300,300i,400,400i,500,500i,600,600i,700,700i,800,800i,900,900i"},{"label":"Raleway Dots","value":"g~Raleway+Dots"},{"label":"Ramabhadra","value":"g~Ramabhadra"},{"label":"Ramaraja","value":"g~Ramaraja"},{"label":"Rambla","value":"g~Rambla:400,400i,700,700i"},{"label":"Rammetto One","value":"g~Rammetto+One"},{"label":"Ranchers","value":"g~Ranchers"},{"label":"Rancho","value":"g~Rancho"},{"label":"Ranga","value":"g~Ranga:400,700"},{"label":"Rasa","value":"g~Rasa:300,400,500,600,700"},{"label":"Rationale","value":"g~Rationale"},{"label":"Ravi Prakash","value":"g~Ravi+Prakash"},{"label":"Redressed","value":"g~Redressed"},{"label":"Reem Kufi","value":"g~Reem+Kufi"},{"label":"Reenie Beanie","value":"g~Reenie+Beanie"},{"label":"Revalia","value":"g~Revalia"},{"label":"Rhodium Libre","value":"g~Rhodium+Libre"},{"label":"Ribeye","value":"g~Ribeye"},{"label":"Ribeye Marrow","value":"g~Ribeye+Marrow"},{"label":"Righteous","value":"g~Righteous"},{"label":"Risque","value":"g~Risque"},{"label":"Roboto","value":"g~Roboto:100,100i,300,300i,400,400i,500,500i,700,700i,900,900i"},{"label":"Roboto Condensed","value":"g~Roboto+Condensed:300,300i,400,400i,700,700i"},{"label":"Roboto Mono","value":"g~Roboto+Mono:100,100i,300,300i,400,400i,500,500i,700,700i"},{"label":"Roboto Slab","value":"g~Roboto+Slab:100,300,400,700"},{"label":"Rochester","value":"g~Rochester"},{"label":"Rock Salt","value":"g~Rock+Salt"},{"label":"Rokkitt","value":"g~Rokkitt:100,200,300,400,500,600,700,800,900"},{"label":"Romanesco","value":"g~Romanesco"},{"label":"Ropa Sans","value":"g~Ropa+Sans:400,400i"},{"label":"Rosario","value":"g~Rosario:400,400i,700,700i"},{"label":"Rosarivo","value":"g~Rosarivo:400,400i"},{"label":"Rouge Script","value":"g~Rouge+Script"},{"label":"Rozha One","value":"g~Rozha+One"},{"label":"Rubik","value":"g~Rubik:300,300i,400,400i,500,500i,700,700i,900,900i"},{"label":"Rubik Mono One","value":"g~Rubik+Mono+One"},{"label":"Ruda","value":"g~Ruda:400,700,900"},{"label":"Rufina","value":"g~Rufina:400,700"},{"label":"Ruge Boogie","value":"g~Ruge+Boogie"},{"label":"Ruluko","value":"g~Ruluko"},{"label":"Rum Raisin","value":"g~Rum+Raisin"},{"label":"Ruslan Display","value":"g~Ruslan+Display"},{"label":"Russo One","value":"g~Russo+One"},{"label":"Ruthie","value":"g~Ruthie"},{"label":"Rye","value":"g~Rye"},{"label":"Sacramento","value":"g~Sacramento"},{"label":"Sahitya","value":"g~Sahitya:400,700"},{"label":"Sail","value":"g~Sail"},{"label":"Saira","value":"g~Saira:100,200,300,400,500,600,700,800,900"},{"label":"Saira Condensed","value":"g~Saira+Condensed:100,200,300,400,500,600,700,800,900"},{"label":"Saira Extra Condensed","value":"g~Saira+Extra+Condensed:100,200,300,400,500,600,700,800,900"},{"label":"Saira Semi Condensed","value":"g~Saira+Semi+Condensed:100,200,300,400,500,600,700,800,900"},{"label":"Salsa","value":"g~Salsa"},{"label":"Sanchez","value":"g~Sanchez:400,400i"},{"label":"Sancreek","value":"g~Sancreek"},{"label":"Sansita","value":"g~Sansita:400,400i,700,700i,800,800i,900,900i"},{"label":"Sarabun","value":"g~Sarabun:100,100i,200,200i,300,300i,400,400i,500,500i,600,600i,700,700i,800,800i"},{"label":"Sarala","value":"g~Sarala:400,700"},{"label":"Sarina","value":"g~Sarina"},{"label":"Sarpanch","value":"g~Sarpanch:400,500,600,700,800,900"},{"label":"Satisfy","value":"g~Satisfy"},{"label":"Sawarabi Gothic","value":"g~Sawarabi+Gothic"},{"label":"Sawarabi Mincho","value":"g~Sawarabi+Mincho"},{"label":"Scada","value":"g~Scada:400,400i,700,700i"},{"label":"Scheherazade","value":"g~Scheherazade:400,700"},{"label":"Schoolbell","value":"g~Schoolbell"},{"label":"Scope One","value":"g~Scope+One"},{"label":"Seaweed Script","value":"g~Seaweed+Script"},{"label":"Secular One","value":"g~Secular+One"},{"label":"Sedgwick Ave","value":"g~Sedgwick+Ave"},{"label":"Sedgwick Ave Display","value":"g~Sedgwick+Ave+Display"},{"label":"Sevillana","value":"g~Sevillana"},{"label":"Seymour One","value":"g~Seymour+One"},{"label":"Shadows Into Light","value":"g~Shadows+Into+Light"},{"label":"Shadows Into Light Two","value":"g~Shadows+Into+Light+Two"},{"label":"Shanti","value":"g~Shanti"},{"label":"Share","value":"g~Share:400,400i,700,700i"},{"label":"Share Tech","value":"g~Share+Tech"},{"label":"Share Tech Mono","value":"g~Share+Tech+Mono"},{"label":"Shojumaru","value":"g~Shojumaru"},{"label":"Short Stack","value":"g~Short+Stack"},{"label":"Shrikhand","value":"g~Shrikhand"},{"label":"Siemreap","value":"g~Siemreap"},{"label":"Sigmar One","value":"g~Sigmar+One"},{"label":"Signika","value":"g~Signika:300,400,600,700"},{"label":"Signika Negative","value":"g~Signika+Negative:300,400,600,700"},{"label":"Simonetta","value":"g~Simonetta:400,400i,900,900i"},{"label":"Sintony","value":"g~Sintony:400,700"},{"label":"Sirin Stencil","value":"g~Sirin+Stencil"},{"label":"Six Caps","value":"g~Six+Caps"},{"label":"Skranji","value":"g~Skranji:400,700"},{"label":"Slabo 13px","value":"g~Slabo+13px"},{"label":"Slabo 27px","value":"g~Slabo+27px"},{"label":"Slackey","value":"g~Slackey"},{"label":"Smokum","value":"g~Smokum"},{"label":"Smythe","value":"g~Smythe"},{"label":"Sniglet","value":"g~Sniglet:400,800"},{"label":"Snippet","value":"g~Snippet"},{"label":"Snowburst One","value":"g~Snowburst+One"},{"label":"Sofadi One","value":"g~Sofadi+One"},{"label":"Sofia","value":"g~Sofia"},{"label":"Song Myung","value":"g~Song+Myung"},{"label":"Sonsie One","value":"g~Sonsie+One"},{"label":"Sorts Mill Goudy","value":"g~Sorts+Mill+Goudy:400,400i"},{"label":"Source Code Pro","value":"g~Source+Code+Pro:200,300,400,500,600,700,900"},{"label":"Source Sans Pro","value":"g~Source+Sans+Pro:200,200i,300,300i,400,400i,600,600i,700,700i,900,900i"},{"label":"Source Serif Pro","value":"g~Source+Serif+Pro:400,600,700"},{"label":"Space Mono","value":"g~Space+Mono:400,400i,700,700i"},{"label":"Special Elite","value":"g~Special+Elite"},{"label":"Spectral","value":"g~Spectral:200,200i,300,300i,400,400i,500,500i,600,600i,700,700i,800,800i"},{"label":"Spectral SC","value":"g~Spectral+SC:200,200i,300,300i,400,400i,500,500i,600,600i,700,700i,800,800i"},{"label":"Spicy Rice","value":"g~Spicy+Rice"},{"label":"Spinnaker","value":"g~Spinnaker"},{"label":"Spirax","value":"g~Spirax"},{"label":"Squada One","value":"g~Squada+One"},{"label":"Sree Krushnadevaraya","value":"g~Sree+Krushnadevaraya"},{"label":"Sriracha","value":"g~Sriracha"},{"label":"Srisakdi","value":"g~Srisakdi:400,700"},{"label":"Staatliches","value":"g~Staatliches"},{"label":"Stalemate","value":"g~Stalemate"},{"label":"Stalinist One","value":"g~Stalinist+One"},{"label":"Stardos Stencil","value":"g~Stardos+Stencil:400,700"},{"label":"Stint Ultra Condensed","value":"g~Stint+Ultra+Condensed"},{"label":"Stint Ultra Expanded","value":"g~Stint+Ultra+Expanded"},{"label":"Stoke","value":"g~Stoke:300,400"},{"label":"Strait","value":"g~Strait"},{"label":"Stylish","value":"g~Stylish"},{"label":"Sue Ellen Francisco","value":"g~Sue+Ellen+Francisco"},{"label":"Suez One","value":"g~Suez+One"},{"label":"Sumana","value":"g~Sumana:400,700"},{"label":"Sunflower","value":"g~Sunflower:300,500,700"},{"label":"Sunshiney","value":"g~Sunshiney"},{"label":"Supermercado One","value":"g~Supermercado+One"},{"label":"Sura","value":"g~Sura:400,700"},{"label":"Suranna","value":"g~Suranna"},{"label":"Suravaram","value":"g~Suravaram"},{"label":"Suwannaphum","value":"g~Suwannaphum"},{"label":"Swanky and Moo Moo","value":"g~Swanky+and+Moo+Moo"},{"label":"Syncopate","value":"g~Syncopate:400,700"},{"label":"Tajawal","value":"g~Tajawal:200,300,400,500,700,800,900"},{"label":"Tangerine","value":"g~Tangerine:400,700"},{"label":"Taprom","value":"g~Taprom"},{"label":"Tauri","value":"g~Tauri"},{"label":"Taviraj","value":"g~Taviraj:100,100i,200,200i,300,300i,400,400i,500,500i,600,600i,700,700i,800,800i,900,900i"},{"label":"Teko","value":"g~Teko:300,400,500,600,700"},{"label":"Telex","value":"g~Telex"},{"label":"Tenali Ramakrishna","value":"g~Tenali+Ramakrishna"},{"label":"Tenor Sans","value":"g~Tenor+Sans"},{"label":"Text Me One","value":"g~Text+Me+One"},{"label":"Thasadith","value":"g~Thasadith:400,400i,700,700i"},{"label":"The Girl Next Door","value":"g~The+Girl+Next+Door"},{"label":"Tienne","value":"g~Tienne:400,700,900"},{"label":"Tillana","value":"g~Tillana:400,500,600,700,800"},{"label":"Timmana","value":"g~Timmana"},{"label":"Tinos","value":"g~Tinos:400,400i,700,700i"},{"label":"Titan One","value":"g~Titan+One"},{"label":"Titillium Web","value":"g~Titillium+Web:200,200i,300,300i,400,400i,600,600i,700,700i,900"},{"label":"Trade Winds","value":"g~Trade+Winds"},{"label":"Trirong","value":"g~Trirong:100,100i,200,200i,300,300i,400,400i,500,500i,600,600i,700,700i,800,800i,900,900i"},{"label":"Trocchi","value":"g~Trocchi"},{"label":"Trochut","value":"g~Trochut:400,400i,700"},{"label":"Trykker","value":"g~Trykker"},{"label":"Tulpen One","value":"g~Tulpen+One"},{"label":"Ubuntu","value":"g~Ubuntu:300,300i,400,400i,500,500i,700,700i"},{"label":"Ubuntu Condensed","value":"g~Ubuntu+Condensed"},{"label":"Ubuntu Mono","value":"g~Ubuntu+Mono:400,400i,700,700i"},{"label":"Ultra","value":"g~Ultra"},{"label":"Uncial Antiqua","value":"g~Uncial+Antiqua"},{"label":"Underdog","value":"g~Underdog"},{"label":"Unica One","value":"g~Unica+One"},{"label":"UnifrakturCook","value":"g~UnifrakturCook"},{"label":"UnifrakturMaguntia","value":"g~UnifrakturMaguntia"},{"label":"Unkempt","value":"g~Unkempt:400,700"},{"label":"Unlock","value":"g~Unlock"},{"label":"Unna","value":"g~Unna:400,400i,700,700i"},{"label":"VT323","value":"g~VT323"},{"label":"Vampiro One","value":"g~Vampiro+One"},{"label":"Varela","value":"g~Varela"},{"label":"Varela Round","value":"g~Varela+Round"},{"label":"Vast Shadow","value":"g~Vast+Shadow"},{"label":"Vesper Libre","value":"g~Vesper+Libre:400,500,700,900"},{"label":"Vibur","value":"g~Vibur"},{"label":"Vidaloka","value":"g~Vidaloka"},{"label":"Viga","value":"g~Viga"},{"label":"Voces","value":"g~Voces"},{"label":"Volkhov","value":"g~Volkhov:400,400i,700,700i"},{"label":"Vollkorn","value":"g~Vollkorn:400,400i,600,600i,700,700i,900,900i"},{"label":"Vollkorn SC","value":"g~Vollkorn+SC:400,600,700,900"},{"label":"Voltaire","value":"g~Voltaire"},{"label":"Waiting for the Sunrise","value":"g~Waiting+for+the+Sunrise"},{"label":"Wallpoet","value":"g~Wallpoet"},{"label":"Walter Turncoat","value":"g~Walter+Turncoat"},{"label":"Warnes","value":"g~Warnes"},{"label":"Wellfleet","value":"g~Wellfleet"},{"label":"Wendy One","value":"g~Wendy+One"},{"label":"Wire One","value":"g~Wire+One"},{"label":"Work Sans","value":"g~Work+Sans:100,200,300,400,500,600,700,800,900"},{"label":"Yanone Kaffeesatz","value":"g~Yanone+Kaffeesatz:200,300,400,700"},{"label":"Yantramanav","value":"g~Yantramanav:100,300,400,500,700,900"},{"label":"Yatra One","value":"g~Yatra+One"},{"label":"Yellowtail","value":"g~Yellowtail"},{"label":"Yeon Sung","value":"g~Yeon+Sung"},{"label":"Yeseva One","value":"g~Yeseva+One"},{"label":"Yesteryear","value":"g~Yesteryear"},{"label":"Yrsa","value":"g~Yrsa:300,400,500,600,700"},{"label":"ZCOOL KuaiLe","value":"g~ZCOOL+KuaiLe"},{"label":"ZCOOL QingKe HuangYou","value":"g~ZCOOL+QingKe+HuangYou"},{"label":"ZCOOL XiaoWei","value":"g~ZCOOL+XiaoWei"},{"label":"Zeyada","value":"g~Zeyada"},{"label":"Zilla Slab","value":"g~Zilla+Slab:300,300i,400,400i,500,500i,600,600i,700,700i"},{"label":"Zilla Slab Highlight","value":"g~Zilla+Slab+Highlight:400,700"}]