<?xml version="1.0" encoding="utf-8"?>
<extension type="component" version="3.0" method="upgrade">
   <name>JD Builder Component</name>
   <element>com_jdbuilder</element>
   <creationDate>August 2019</creationDate>
   <copyright>Copyright (C) 2019 Joomdev, Inc. All rights reserved.</copyright>
   <license>GNU General Public License version 2 or later; see LICENSE.txt</license>
   <author>Team Joomdev</author>
   <authorEmail>info@joomdev.com</authorEmail>
   <authorUrl>https://www.joomdev.com</authorUrl>
   <version>1.1.1</version>
   <description>{jdbcomdesc}</description>
   <install> <!-- Runs on install -->
      <sql>
         <file driver="mysql" charset="utf8">sql/install.mysql.utf8.sql</file>
      </sql>
   </install>
   <update> <!-- Runs on update -->
      <sql>
         <file driver="mysql" charset="utf8">sql/update.mysql.utf8.sql</file>
      </sql>
   </update>
   <uninstall> <!-- Runs on uninstall -->
      <sql>
         <file driver="mysql" charset="utf8">sql/uninstall.mysql.utf8.sql</file>
      </sql>
   </uninstall>

   <files folder="site">
      <filename>index.html</filename>
      <filename>jdbuilder.php</filename>
      <filename>controller.php</filename>
      <filename>router.php</filename>
      <folder>views</folder>
      <folder>models</folder>
      <folder>controllers</folder>
      <folder>helpers</folder>
   </files>
   <media destination="com_jdbuilder" folder="media">
      <folder>js</folder>
      <folder>css</folder>
      <folder>images</folder>
   </media>
   <languages folder="site/languages">
        
      <language tag="en-GB">en-GB/en-GB.com_jdbuilder.ini</language>
   </languages>
   <administration>
      <menu>COM_JDBUILDER</menu>
      <submenu>
            
         <menu link="option=com_jdbuilder&amp;view=pages" view="pages" alt="Jdbuilder/Pages">COM_JDBUILDER_TITLE_PAGES</menu>

         <menu link="option=com_categories&amp;extension=com_jdbuilder.pages" view="categories" alt="Jdbuilder/Categories">COM_JDBUILDER_PAGES_CATEGORY_ID</menu>

      </submenu>
      <files folder="administrator">
         <filename>access.xml</filename>
         <filename>config.xml</filename>
         <filename>controller.php</filename>
         <filename>index.html</filename>
         <filename>jdbuilder.php</filename>
         <folder>controllers</folder>
         <folder>assets</folder>
         <folder>helpers</folder>
         <folder>models</folder>
         <folder>sql</folder>
         <folder>tables</folder>
         <folder>views</folder>
         <folder>layouts</folder>
      </files>
      <languages folder="administrator/languages">
            
         <language tag="en-GB">en-GB/en-GB.com_jdbuilder.ini</language>
         <language tag="en-GB">en-GB/en-GB.com_jdbuilder.sys.ini</language>
      </languages>
   </administration>
   <config>
      <fields name="params">
         <fieldset name="component">
            <field name="save_history" default="0" />
         </fieldset>
      </fields>
   </config>
   <plugins>
      <plugin group="search" plugin="jdbuilder"/>
   </plugins>
    
</extension>
