<?xml version="1.0" encoding="UTF-8"?>
<!DOCTYPE install PUBLIC "-//Joomla! 2.5//DTD template 1.0//EN" "https://www.joomla.org/xml/dtd/1.6/template-install.dtd">
<extension type="package" version="3.1" method="upgrade">
   <name>JD Builder Package</name>
   <packagename>jdbuilder</packagename>
   <packager>Team JoomDev</packager>
   <packagerurl>https://www.joomdev.com</packagerurl>
   <author>Team JoomDev</author>
   <creationDate>August 2019</creationDate>
   <version>1.1.1</version>
   <url>https://www.joomdev.com</url>
   <copyright>Copyright (C) 2019 Joomdev, Inc. All rights reserved.</copyright>
   <license>GNU General Public License version 2 or later; see LICENSE.txt</license>
   <authorEmail>info@joomdev.com</authorEmail>
   <authorUrl>https://www.joomdev.com</authorUrl>
   <description>{jdpkgdesc}</description>
   <scriptfile>pkg_jdbuilder.php</scriptfile>
   <files>
      <folder type="plugin" id="jdbuilder" client="site" group="system">plg_jdbuilder</folder>
      <folder type="component" id="com_jdbuilder" client="site">com_jdbuilder</folder>
   </files>
   <updateservers>
      <server type="extension" priority="1" name="JD Builder Package">https://cdn.joomdev.com/updates/jd_builder.xml</server>
   </updateservers>
</extension>